swell1_height-surface,swell1_direction-surface,swell1_period-surface,swell2_height-surface,swell2_direction-surface,swell2_period-surface,wind_u-surface,wind_v-surface,gust-surface,temp-surface,past3hprecip-surface,past3hsnowprecip-surface,past3hconvprecip-surface,ptype-surface,lclouds-surface,rh-surface,sg,confidence,date,time,surf_break,windy_speed,windy_direction,tide
2.31453040902284,264.1830671102026,13.285147727896954,1.1730727956674496,192.485420087283,15.302280277108077,8.035177188218835,-3.5123338591495807,12.610526409600803,288.7147467465988,1.4550233466597216e-06,0,1.4916455580309177e-06,0,0.3263771477401214,59.50241339152173,0.75,1.0,"May 17, 2025",10:00:00,Steamer Lane,17.046109361680596,293.61108392195905,2.46063
1.8271174122294234,222.61581713309093,14.758508727683354,0.9681629216431649,197.19276589251385,14.105969979552594,8.018847646015548,-4.392034276530722,13.578396310312373,287.78112407473634,0.0,0,0.0,0,0.019190038758508,62.27813287759008,1.03,1.0,"May 17, 2025",13:00:00,Steamer Lane,17.772256310202234,298.71013300781755,3.3792652
1.5002858646640365,192.28937406537065,15.651197462080752,0.699442763210254,203.6316537980285,12.045590773644214,3.635567600179338,-3.131440081968412,6.644358408159256,283.62965958890226,0.0,0,0.0,0,17.574816125980718,83.60362534257027,1.3,1.0,"May 17, 2025",19:00:00,Steamer Lane,9.327043587983628,310.7394579263937,4.265092
1.451864595221878,191.82507766960663,14.605353035676137,0.20040414437037204,223.35328592791524,19.597217324747486,6.755428697755445,-4.786085965937602,9.11870755939808,291.5115327242363,0.0,0,0.0,0,0.0,47.56428062379808,1.07,1.0,"May 18, 2025",13:00:00,Steamer Lane,16.093121182633304,305.31680793856845,3.5104988
2.2672898855308734,301.6552800073245,13.454895117648867,0.803533924928472,208.14849085970627,16.183311304666258,0.3140026365130646,-1.121530567902956,4.437125705434776,287.074485036526,0.0,0,0.0,0,0.0,75.05632557145897,1.27,1.0,"May 20, 2025",16:00:00,Steamer Lane,2.263908984899693,344.35898157886277,4.1666668
1.4025510878897371,231.74133976256564,14.780582576372575,0.8158204849940984,194.638718222602,15.190505655079807,4.037104238982152,-2.842876308815433,7.517516313160701,293.16427973006955,0.0,0,0.0,0,0.7103976561784588,41.58975115207339,1.09,1.0,"May 21, 2025",13:00:00,Steamer Lane,9.597956070972652,305.15270854835154,3.5761156
1.4195944344108102,234.40925321207283,15.0078435731071,0.8034769049765927,189.7979503769035,14.708191482894373,3.011597648656051,-3.1527079023585007,5.874081877403498,288.8168614771859,0.0,0,0.0,0,0.0,53.22183026825749,1.45,1.0,"May 21, 2025",16:00:00,Steamer Lane,8.475072741356767,316.3113578032833,4.757218
2.3843814160499415,242.9646559038055,13.381347148045297,1.3575025904539992,217.33795587023505,13.385350097354063,1.7588836225070883,-2.612134052909877,4.575463294005324,285.3828151610233,0.0,0,0.0,0,0.0,68.96151158177427,0.87,1.0,"May 21, 2025",19:00:00,Steamer Lane,6.121372808065515,326.0455987509309,2.8543308
1.0207160129154353,193.5688808862575,17.79927849604785,0.6876173210163405,217.39662465285195,14.364333879818112,4.818665612726958,-1.348324267938425,6.619530722031321,293.4843689089899,0.0,0,0.0,0,1.660670796838317,41.22519114963183,0.38,1.0,"May 23, 2025",10:00:00,Steamer Lane,9.726489896529264,285.63229942560565,1.2467192
1.5726586458472502,196.99144627216407,15.342396647846918,1.1480807028463051,195.72173955504013,18.94449689748833,1.490943050854857,-2.0894232810651934,5.050023604621424,287.3291818809464,0.0,0,0.0,0,0.7271340067751213,70.63122440260008,1.79,1.0,"May 24, 2025",16:00:00,Steamer Lane,4.9895009882663395,324.4896070539472,5.8727036
2.2200921039737747,223.05194372386828,12.859005914487156,1.3759696174775862,196.15747062593465,17.536019070406212,0.5312082277364862,-1.4373795714396278,3.50327404170371,284.2125459062996,0.0,0,0.0,0,0.6191717276528533,84.85618764000365,1.67,1.0,"May 24, 2025",19:00:00,Steamer Lane,2.978735629719481,339.7173450282131,5.4790028
1.6098601573915223,195.22628498184145,15.760671591540268,0.5365070111535147,221.24459364604635,11.922210133365889,5.220587810165147,-3.5625301711986617,10.007961085204917,284.90068821005013,0.0,0,0.0,0,1.1107516708883969,75.84123547471529,0.98,1.0,"May 17, 2025",16:00:00,Pleasure Point,12.28564675652509,304.3096353616767,3.2152232
1.481148163335356,193.6254402294992,15.574872950224313,0.7122722523828967,203.988808252205,12.149372026734214,2.8801221539998902,-2.248512252154492,5.113120939008551,283.21200013570603,0.0,0,0.0,0,11.18358104190194,84.68614978484457,1.3,1.0,"May 17, 2025",19:00:00,Pleasure Point,7.102577228499336,307.9791693586364,4.265092
1.4197440311827887,191.94544755394148,14.603245295571762,0.20835470896489708,225.37030549027983,19.130431087374507,6.053088283616264,-3.54580200785676,7.633089400488567,292.5842157592234,0.0,0,0.0,0,0.0,42.9683689199495,1.07,1.0,"May 18, 2025",13:00:00,Pleasure Point,13.636365215287901,300.36108759348394,3.5104988
1.3635811287910895,192.1352970976897,14.543289547410502,0.23358231897858248,209.60734397412023,20.886922933439124,4.091150487691033,-4.323466539864369,8.66527926366753,286.65896227506914,0.0,0,0.0,0,0.0,62.86986075014477,1.04,1.0,"May 18, 2025",16:00:00,Pleasure Point,11.570318822898727,316.5814562719256,3.4120736000000003
1.1481831481191194,189.5392364268929,13.825533108310193,0.3619838132237431,218.2857533494064,20.127580072634053,2.62073191208467,-1.6033371382190926,6.037997401151117,295.4292048646818,0.0,0,0.0,0,0.0174565874202693,38.192145133823125,1.1,1.0,"May 19, 2025",13:00:00,Pleasure Point,5.972027504682953,301.4578709412881,3.6089240000000005
2.4423394797053066,221.11938962981029,12.131288376720487,0.6376480101441074,210.55703115939824,17.410412385631897,0.1202594222470261,-0.9216437934971654,2.8552950527167784,285.9747585001217,0.0,0,0.0,0,0.0,80.41407544175533,0.9,1.0,"May 19, 2025",19:00:00,Pleasure Point,1.8067149585936815,352.56584045185144,2.952756
1.2662256866885826,197.0530594805749,17.47493985412153,0.5906933193364057,198.6188787499619,13.298585340128792,5.029679585864903,-2.4836759448726653,6.367391467498904,293.8649232750412,0.0,0,0.0,0,0.0,35.062791821038914,0.95,1.0,"May 23, 2025",13:00:00,Pleasure Point,10.903941490531654,296.2803446041493,3.1167979999999997
